CREATE DATABASE  IF NOT EXISTS `scc` /*!40100 DEFAULT CHARACTER SET utf8mb4 COLLATE utf8mb4_bin */;
USE `scc`;
-- MySQL dump 10.13  Distrib 5.7.12, for Win64 (x86_64)
--
-- Host: localhost    Database: scc
-- ------------------------------------------------------
-- Server version	5.7.16-log

/*!40101 SET @OLD_CHARACTER_SET_CLIENT=@@CHARACTER_SET_CLIENT */;
/*!40101 SET @OLD_CHARACTER_SET_RESULTS=@@CHARACTER_SET_RESULTS */;
/*!40101 SET @OLD_COLLATION_CONNECTION=@@COLLATION_CONNECTION */;
/*!40101 SET NAMES utf8 */;
/*!40103 SET @OLD_TIME_ZONE=@@TIME_ZONE */;
/*!40103 SET TIME_ZONE='+00:00' */;
/*!40014 SET @OLD_UNIQUE_CHECKS=@@UNIQUE_CHECKS, UNIQUE_CHECKS=0 */;
/*!40014 SET @OLD_FOREIGN_KEY_CHECKS=@@FOREIGN_KEY_CHECKS, FOREIGN_KEY_CHECKS=0 */;
/*!40101 SET @OLD_SQL_MODE=@@SQL_MODE, SQL_MODE='NO_AUTO_VALUE_ON_ZERO' */;
/*!40111 SET @OLD_SQL_NOTES=@@SQL_NOTES, SQL_NOTES=0 */;

--
-- Table structure for table `brand`
--

DROP TABLE IF EXISTS `brand`;
/*!40101 SET @saved_cs_client     = @@character_set_client */;
/*!40101 SET character_set_client = utf8 */;
CREATE TABLE `brand` (
  `id` int(11) NOT NULL AUTO_INCREMENT,
  `name` varchar(45) DEFAULT NULL,
  `Address` varchar(45) DEFAULT NULL,
  `Phone` varchar(11) DEFAULT NULL,
  `Email` varchar(45) DEFAULT NULL,
  `Description` varchar(200) DEFAULT NULL,
  PRIMARY KEY (`id`)
) ENGINE=InnoDB AUTO_INCREMENT=2 DEFAULT CHARSET=utf8;
/*!40101 SET character_set_client = @saved_cs_client */;

--
-- Dumping data for table `brand`
--

LOCK TABLES `brand` WRITE;
/*!40000 ALTER TABLE `brand` DISABLE KEYS */;
INSERT INTO `brand` VALUES (1,'Sony','ABC','090900','asha@gamai.com','jsakjsak');
/*!40000 ALTER TABLE `brand` ENABLE KEYS */;
UNLOCK TABLES;

--
-- Table structure for table `brandpage`
--

DROP TABLE IF EXISTS `brandpage`;
/*!40101 SET @saved_cs_client     = @@character_set_client */;
/*!40101 SET character_set_client = utf8 */;
CREATE TABLE `brandpage` (
  `brandpageid` int(11) NOT NULL AUTO_INCREMENT,
  `brandid` int(11) NOT NULL,
  `pageid` varchar(20) COLLATE utf8mb4_bin NOT NULL,
  `active` bit(1) NOT NULL,
  PRIMARY KEY (`brandpageid`)
) ENGINE=InnoDB AUTO_INCREMENT=3 DEFAULT CHARSET=utf8mb4 COLLATE=utf8mb4_bin;
/*!40101 SET character_set_client = @saved_cs_client */;

--
-- Dumping data for table `brandpage`
--

LOCK TABLES `brandpage` WRITE;
/*!40000 ALTER TABLE `brandpage` DISABLE KEYS */;
INSERT INTO `brandpage` VALUES (1,1,'1199851500089978','\0'),(2,1,'177872845972148','');
/*!40000 ALTER TABLE `brandpage` ENABLE KEYS */;
UNLOCK TABLES;

--
-- Table structure for table `comment`
--

DROP TABLE IF EXISTS `comment`;
/*!40101 SET @saved_cs_client     = @@character_set_client */;
/*!40101 SET character_set_client = utf8 */;
CREATE TABLE `comment` (
  `id` varchar(255) COLLATE utf8mb4_unicode_ci NOT NULL,
  `content` varchar(255) CHARACTER SET utf8mb4 DEFAULT NULL,
  `created_at` varchar(255) COLLATE utf8mb4_unicode_ci DEFAULT NULL,
  `created_by` varchar(255) COLLATE utf8mb4_unicode_ci DEFAULT NULL,
  `post_id` varchar(255) COLLATE utf8mb4_unicode_ci DEFAULT NULL,
  `created_by_name` varchar(255) COLLATE utf8mb4_unicode_ci DEFAULT NULL,
  `sentiment_score` int(11) DEFAULT NULL,
  PRIMARY KEY (`id`)
) ENGINE=InnoDB DEFAULT CHARSET=utf8mb4 COLLATE=utf8mb4_unicode_ci;
/*!40101 SET character_set_client = @saved_cs_client */;

--
-- Dumping data for table `comment`
--

LOCK TABLES `comment` WRITE;
/*!40000 ALTER TABLE `comment` DISABLE KEYS */;
INSERT INTO `comment` VALUES ('1202169266524868','Do it babe','2016-10-26T11:02:19+0000','1199851500089978','1202169039858224','Tèn tèn ten',5),('1202169293191532','my ha','2016-10-26T11:02:24+0000','1199851500089978','1202169266524868','Tèn tèn ten',4),('1202169329858195',':>','2016-10-26T11:02:27+0000','1199851500089978','1202169266524868','Tèn tèn ten',2),('1202169339858194',':<','2016-10-26T11:02:29+0000','1199851500089978','1202169266524868','Tèn tèn ten',2),('1202169366524858',':CCC','2016-10-26T11:02:30+0000','1199851500089978','1202169266524868','Tèn tèn ten',2),('194036434355789','Say ồ de chạy rồi hú hú !!','2016-10-06T14:20:21+0000','1290693450965157','194035701022529','Beans Văn Quý',4),('194037537689012','Chạy nà chạy nào','2016-10-06T14:22:30+0000','177872845972148','194037381022361','Kitty Bang Bang',5),('194054147687351','Yooo','2016-10-06T14:50:01+0000','10202489769163639','194037381022361','Tram Nguyen',5),('194058564353576','comment vào đây','2016-10-06T15:02:49+0000','1290693450965157','194035701022529','Beans Văn Quý',1),('194066121019487','ngon','2016-10-06T15:22:40+0000','177872845972148','194058564353576','Kitty Bang Bang',5),('194071601018939','Helllo miss','2016-10-06T15:31:35+0000','1290693450965157','194037381022361','Beans Văn Quý',5),('194072361018863','làm ghê vậy ba','2016-10-06T15:34:39+0000','177872845972148','194037381022361','Kitty Bang Bang',2),('194101601015939','Quy','2016-10-06T17:04:48+0000','1290693450965157','194058564353576','Beans Văn Quý',5),('194108827681883','S','2016-10-06T17:13:44+0000','1290693450965157','194035701022529','Beans Văn Quý',4),('194110674348365','Reply từ SCC','2016-10-06T17:18:58+0000','1290693450965157','194037537689012','Beans Văn Quý',5),('194111411014958','Comment từ SCC','2016-10-06T17:21:13+0000','1290693450965157','194032564356176','Beans Văn Quý',5),('194111501014949','Reply bằng SCC','2016-10-06T17:21:25+0000','1290693450965157','194058564353576','Beans Văn Quý',2),('194318617660904','Vấn đề mới','2016-10-07T04:19:49+0000','1290693450965157','194032564356176','Beans Văn Quý',4),('194365840989515','Reply by page','2016-10-07T06:00:52+0000','177872845972148','194108827681883','Kitty Bang Bang',5),('194366004322832','Xin chào! Comment này được post từ SCC','2016-10-07T06:02:02+0000','177872845972148','194035701022529','Kitty Bang Bang',4),('194368380989261','Say hello to kitty','2016-10-07T06:10:28+0000','177872845972148','194368180989281','Kitty Bang Bang',5),('194368477655918','reply thử lên kitty nè','2016-10-07T06:10:52+0000','177872845972148','194368380989261','Kitty Bang Bang',5),('194370974322335','Tin em unlike ko :)','2016-10-07T06:18:17+0000','10202489769163639','194370770989022','Tram Nguyen',5),('194370994322333','Put your hands up !! Say oh yeaaaa','2016-10-07T06:18:21+0000','177872845972148','194370770989022','Kitty Bang Bang',5),('194371167655649','Hihihih, reply này được post từ SCC','2016-10-07T06:18:57+0000','177872845972148','194370974322335','Kitty Bang Bang',5),('194371460988953','Đúng dồi chuẩn rồi','2016-10-07T06:20:56+0000','177872845972148','194371367655629','Kitty Bang Bang',5),('194396670986432','Post comment','2016-10-07T07:33:13+0000','177872845972148','194395097653256','Kitty Bang Bang',5),('194397497653016','Reply to comment','2016-10-07T07:34:36+0000','177872845972148','194396670986432','Kitty Bang Bang',5),('194397557653010','POst comment 2','2016-10-07T07:34:57+0000','177872845972148','194395097653256','Kitty Bang Bang',5),('194400807652685','Xin chào','2016-10-07T07:48:54+0000','177872845972148','194395097653256','Kitty Bang Bang',1),('195651460860953','tôi muốn mua 1 con vịt','2016-10-09T15:56:28+0000','1134506679920294','194395097653256','Nguyên Nhật',5),('195651560860943',':v t tắt crawler r','2016-10-09T15:56:46+0000','177872845972148','195651460860953','Kitty Bang Bang',2),('195651700860929','sao ko thấy con vịt của tui','2016-10-09T15:56:49+0000','1134506679920294','194395097653256','Nguyên Nhật',5),('195651954194237','t tắt crawler r dm','2016-10-09T15:57:02+0000','177872845972148','195651700860929','Kitty Bang Bang',2),('195651984194234','ơ kitty xưng m t kìa','2016-10-09T15:57:04+0000','1134506679920294','195651460860953','Nguyên Nhật',1),('195652010860898','','2016-10-09T15:57:12+0000','177872845972148','195651700860929','Kitty Bang Bang',5),('196299654129467','Lovely','2016-10-10T19:39:02+0000','1290693450965157','196299257462840','Beans Văn Quý',5),('196356940790405','1','2016-10-10T22:38:58+0000','177872845972148','196356867457079','Kitty Bang Bang',5),('196356954123737','2','2016-10-10T22:39:00+0000','177872845972148','196356867457079','Kitty Bang Bang',5),('196356960790403','3','2016-10-10T22:39:01+0000','177872845972148','196356867457079','Kitty Bang Bang',4),('196356967457069','4','2016-10-10T22:39:02+0000','177872845972148','196356867457079','Kitty Bang Bang',1),('196357034123729','5','2016-10-10T22:39:20+0000','177872845972148','196356867457079','Kitty Bang Bang',5),('196510437441722','Nó thực sự rất tệ','2016-10-11T07:09:45+0000','177872845972148','196487864110646','Kitty Bang Bang',2),('196510587441707','Nó khá chắc chắn và sử dụng rất vừa tay','2016-10-11T07:10:55+0000','1290693450965157','196487864110646','Beans Văn Quý',5),('196510637441702','Chiếc điện thoại này thật tuyệt vời','2016-10-11T07:11:24+0000','1290693450965157','196487864110646','Beans Văn Quý',5),('196513780774721','Chiếc điện thoại này dễ hỏng','2016-10-11T07:28:32+0000','177872845972148','196487864110646','Kitty Bang Bang',5),('196513914108041','Chiếc điện thoại này rất dễ hư','2016-10-11T07:29:09+0000','177872845972148','196487864110646','Kitty Bang Bang',5),('196514154108017','tệ','2016-10-11T07:30:12+0000','177872845972148','196487864110646','Kitty Bang Bang',1),('201939443565488','Hello','2016-10-20T17:29:32+0000','177872845972148','201939260232173','Kitty Bang Bang',5),('201943123565120','asd','2016-10-20T17:39:03+0000','177872845972148','201939260232173','Kitty Bang Bang',5),('201954753563957','Test','2016-10-20T18:07:51+0000','177872845972148','201939260232173','Kitty Bang Bang',5),('201954893563943','konichiwa','2016-10-20T18:08:41+0000','177872845972148','201939260232173','Kitty Bang Bang',5),('201962610229838','Con đũy mèo','2016-10-20T18:30:35+0000','177872845972148','201955546897211','Kitty Bang Bang',1),('201962853563147','a','2016-10-20T18:31:40+0000','177872845972148','201955546897211','Kitty Bang Bang',4),('201983440227755','World','2016-10-20T19:11:26+0000','177872845972148','201955546897211','Kitty Bang Bang',5),('201988220227277','Hello','2016-10-20T19:23:55+0000','177872845972148','201955546897211','Kitty Bang Bang',5),('201989250227174','ya madafaka','2016-10-20T19:26:13+0000','177872845972148','201955546897211','Kitty Bang Bang',5),('201990670227032','s','2016-10-20T19:31:07+0000','177872845972148','201955546897211','Kitty Bang Bang',3),('201992016893564','s','2016-10-20T19:35:37+0000','177872845972148','201955546897211','Kitty Bang Bang',3),('201992416893524','f','2016-10-20T19:36:54+0000','177872845972148','201955546897211','Kitty Bang Bang',5),('202110103548422','oh','2016-10-21T01:06:08+0000','177872845972148','201955546897211','Kitty Bang Bang',5),('202112830214816','ah','2016-10-21T01:09:38+0000','177872845972148','201955546897211','Kitty Bang Bang',2),('202119433547489','as','2016-10-21T01:31:39+0000','177872845972148','201955546897211','Kitty Bang Bang',5),('202120330214066','sd','2016-10-21T01:32:24+0000','177872845972148','201955546897211','Kitty Bang Bang',3),('202121080213991','cc','2016-10-21T01:34:24+0000','177872845972148','201955546897211','Kitty Bang Bang',5),('202121120213987','xcv','2016-10-21T01:34:58+0000','177872845972148','201955546897211','Kitty Bang Bang',5),('202121506880615','cx','2016-10-21T01:36:54+0000','177872845972148','201955546897211','Kitty Bang Bang',5),('202122163547216','test tiếng việt','2016-10-21T01:38:53+0000','177872845972148','201955546897211','Kitty Bang Bang',4),('202123013547131','asd','2016-10-21T01:42:57+0000','177872845972148','201955546897211','Kitty Bang Bang',5),('202129400213159','wakanda','2016-10-21T02:09:47+0000','177872845972148','201955546897211','Kitty Bang Bang',5),('202129416879824','wakanda','2016-10-21T02:09:48+0000','177872845972148','201955546897211','Kitty Bang Bang',5),('202129430213156','wakanda','2016-10-21T02:09:48+0000','177872845972148','201955546897211','Kitty Bang Bang',5),('202129523546480','c','2016-10-21T02:10:18+0000','177872845972148','202123013547131','Kitty Bang Bang',5),('202129530213146','c','2016-10-21T02:10:18+0000','177872845972148','202123013547131','Kitty Bang Bang',5),('202129536879812','s','2016-10-21T02:10:19+0000','177872845972148','202123013547131','Kitty Bang Bang',3),('202129543546478','a','2016-10-21T02:10:20+0000','177872845972148','202123013547131','Kitty Bang Bang',4),('202129873546445','asd','2016-10-21T02:12:36+0000','177872845972148','202122163547216','Kitty Bang Bang',5),('202129880213111','asd','2016-10-21T02:12:36+0000','177872845972148','202122163547216','Kitty Bang Bang',5),('202129886879777','ada','2016-10-21T02:12:37+0000','177872845972148','202122163547216','Kitty Bang Bang',5),('202129893546443','sda','2016-10-21T02:12:37+0000','177872845972148','202122163547216','Kitty Bang Bang',5),('202129900213109','das','2016-10-21T02:12:37+0000','177872845972148','202122163547216','Kitty Bang Bang',5),('202129906879775','das','2016-10-21T02:12:37+0000','177872845972148','202122163547216','Kitty Bang Bang',5),('202129910213108','das','2016-10-21T02:12:37+0000','177872845972148','202122163547216','Kitty Bang Bang',5),('202129920213107','fa','2016-10-21T02:12:38+0000','177872845972148','202122163547216','Kitty Bang Bang',5),('202129926879773','cxb','2016-10-21T02:12:38+0000','177872845972148','202122163547216','Kitty Bang Bang',5),('202129933546439','xcv','2016-10-21T02:12:38+0000','177872845972148','202122163547216','Kitty Bang Bang',5),('202130340213065','v','2016-10-21T02:14:49+0000','177872845972148','201955546897211','Kitty Bang Bang',5),('202130346879731','cvb','2016-10-21T02:14:50+0000','177872845972148','201955546897211','Kitty Bang Bang',5),('202130353546397','cvbc','2016-10-21T02:14:50+0000','177872845972148','201955546897211','Kitty Bang Bang',5),('202130370213062','bcv','2016-10-21T02:14:50+0000','177872845972148','201955546897211','Kitty Bang Bang',5),('202130383546394','bcvb','2016-10-21T02:14:50+0000','177872845972148','201955546897211','Kitty Bang Bang',5),('202130393546393','cvb','2016-10-21T02:14:51+0000','177872845972148','201955546897211','Kitty Bang Bang',5),('202130403546392','cvb','2016-10-21T02:14:51+0000','177872845972148','201955546897211','Kitty Bang Bang',5),('202130410213058','cbc','2016-10-21T02:14:51+0000','177872845972148','201955546897211','Kitty Bang Bang',5),('202130420213057','n','2016-10-21T02:14:52+0000','177872845972148','201955546897211','Kitty Bang Bang',5),('202130430213056','bvn','2016-10-21T02:14:52+0000','177872845972148','201955546897211','Kitty Bang Bang',5),('202130806879685','1','2016-10-21T02:15:41+0000','177872845972148','202130430213056','Kitty Bang Bang',5),('202130813546351','2','2016-10-21T02:15:41+0000','177872845972148','202130430213056','Kitty Bang Bang',5),('202130820213017','3','2016-10-21T02:15:42+0000','177872845972148','202130430213056','Kitty Bang Bang',4),('202130826879683','4','2016-10-21T02:15:42+0000','177872845972148','202130430213056','Kitty Bang Bang',1),('202130833546349','5','2016-10-21T02:15:42+0000','177872845972148','202130430213056','Kitty Bang Bang',5),('202130840213015','6','2016-10-21T02:15:43+0000','177872845972148','202130430213056','Kitty Bang Bang',5),('202130846879681','7','2016-10-21T02:15:43+0000','177872845972148','202130430213056','Kitty Bang Bang',5),('202130853546347','8','2016-10-21T02:15:43+0000','177872845972148','202130430213056','Kitty Bang Bang',4),('202130860213013','9','2016-10-21T02:15:44+0000','177872845972148','202130430213056','Kitty Bang Bang',2),('202131966879569','1','2016-10-21T02:15:59+0000','177872845972148','201955546897211','Kitty Bang Bang',5),('202131986879567','2','2016-10-21T02:15:59+0000','177872845972148','201955546897211','Kitty Bang Bang',5),('202132010212898','3','2016-10-21T02:16:00+0000','177872845972148','201955546897211','Kitty Bang Bang',4),('202132040212895','4','2016-10-21T02:16:00+0000','177872845972148','201955546897211','Kitty Bang Bang',1),('202132053546227','5','2016-10-21T02:16:00+0000','177872845972148','201955546897211','Kitty Bang Bang',5),('202132066879559','6','2016-10-21T02:16:01+0000','177872845972148','201955546897211','Kitty Bang Bang',5),('202132073546225','7','2016-10-21T02:16:01+0000','177872845972148','201955546897211','Kitty Bang Bang',5),('202132080212891','8','2016-10-21T02:16:02+0000','177872845972148','201955546897211','Kitty Bang Bang',4),('202132086879557','90','2016-10-21T02:16:02+0000','177872845972148','201955546897211','Kitty Bang Bang',5),('202152343544198','nigga','2016-10-21T02:54:53+0000','177872845972148','201955546897211','Kitty Bang Bang',5),('202153113544121','higga','2016-10-21T02:55:10+0000','177872845972148','201955546897211','Kitty Bang Bang',5),('202154656877300','poop','2016-10-21T02:55:34+0000','177872845972148','201955546897211','Kitty Bang Bang',5),('202162766876489','asdasd','2016-10-21T02:57:56+0000','177872845972148','201955546897211','Kitty Bang Bang',5),('202183556874410','asdsad','2016-10-21T03:59:34+0000','177872845972148','202182633541169','Kitty Bang Bang',5),('202184170207682','acasc','2016-10-21T04:00:37+0000','177872845972148','202182633541169','Kitty Bang Bang',5),('202184806874285','youre my wonderwall','2016-10-21T04:03:16+0000','177872845972148','202182633541169','Kitty Bang Bang',5),('202185346874231','1','2016-10-21T04:04:20+0000','177872845972148','202182633541169','Kitty Bang Bang',5),('202199960206103','new focking comment','2016-10-21T04:40:57+0000','177872845972148','201955546897211','Kitty Bang Bang',5),('202204226872343','More painnnn','2016-10-21T04:56:02+0000','1290693450965157','194370770989022','Beans Văn Quý',5),('202220160204083','seenm it work','2016-10-21T05:15:35+0000','177872845972148','202188310207268','Kitty Bang Bang',1),('202220203537412','1','2016-10-21T05:15:52+0000','177872845972148','202188310207268','Kitty Bang Bang',5),('202220210204078','2','2016-10-21T05:15:52+0000','177872845972148','202188310207268','Kitty Bang Bang',5),('202220240204075','3','2016-10-21T05:15:52+0000','177872845972148','202188310207268','Kitty Bang Bang',4),('202220246870741','4','2016-10-21T05:15:53+0000','177872845972148','202188310207268','Kitty Bang Bang',1),('202220253537407','5','2016-10-21T05:15:53+0000','177872845972148','202188310207268','Kitty Bang Bang',5),('202220260204073','6','2016-10-21T05:15:53+0000','177872845972148','202188310207268','Kitty Bang Bang',5),('202220273537405','7','2016-10-21T05:15:53+0000','177872845972148','202188310207268','Kitty Bang Bang',5),('202220286870737','8','2016-10-21T05:15:54+0000','177872845972148','202188310207268','Kitty Bang Bang',4),('202220296870736','9','2016-10-21T05:15:54+0000','177872845972148','202188310207268','Kitty Bang Bang',2),('202220310204068','10','2016-10-21T05:15:55+0000','177872845972148','202188310207268','Kitty Bang Bang',1),('202220730204026','reaply','2016-10-21T05:17:54+0000','177872845972148','202220253537407','Kitty Bang Bang',5),('202220976870668','comment','2016-10-21T05:19:10+0000','177872845972148','201955546897211','Kitty Bang Bang',5),('202257356867030','Hello world','2016-10-21T07:12:30+0000','1290693450965157','202253416867424','Beans Văn Quý',5),('202258613533571','Again','2016-10-21T07:15:10+0000','1290693450965157','202253416867424','Beans Văn Quý',5),('202259050200194','c','2016-10-21T07:17:03+0000','1290693450965157','202253416867424','Beans Văn Quý',5),('202259223533510','badgateway','2016-10-21T07:18:11+0000','1290693450965157','202253416867424','Beans Văn Quý',5),('203487000077399','fock','2016-10-23T09:05:08+0000','177872845972148','202260706866695','Kitty Bang Bang',5),('203487266744039','me','2016-10-23T09:06:31+0000','177872845972148','202260706866695','Kitty Bang Bang',3),('203526760073423','Lalaaaa','2016-10-23T10:56:51+0000','4167952535247','202260706866695','Tram Nguyen',5),('203526816740084','','2016-10-23T10:56:57+0000','10202489769163639','202224903536942','Tram Nguyen',5),('203917056701060','Hasagi','2016-10-24T03:27:31+0000','177872845972148','202259223533510','Kitty Bang Bang',5),('203936723365760','Spam 1','2016-10-24T04:14:03+0000','177872845972148','203676243391808','Kitty Bang Bang',5),('203936740032425','Spam 2','2016-10-24T04:14:07+0000','177872845972148','203676243391808','Kitty Bang Bang',5),('203936746699091','Spam 1','2016-10-24T04:14:08+0000','177872845972148','203676243391808','Kitty Bang Bang',5),('203936760032423','Spam 3','2016-10-24T04:14:10+0000','177872845972148','203676243391808','Kitty Bang Bang',4),('203936770032422','Spam 4','2016-10-24T04:14:12+0000','177872845972148','203676243391808','Kitty Bang Bang',1),('203936776699088','Spam 5','2016-10-24T04:14:13+0000','177872845972148','203676243391808','Kitty Bang Bang',5),('203936786699087','Spam 6','2016-10-24T04:14:15+0000','177872845972148','203676243391808','Kitty Bang Bang',5),('203936793365753','Spam vô cực','2016-10-24T04:14:17+0000','177872845972148','203676243391808','Kitty Bang Bang',5),('203936803365752','Spam rất nhiều','2016-10-24T04:14:22+0000','177872845972148','203676243391808','Kitty Bang Bang',5),('203936810032418','Spam cực kỳ nhiều','2016-10-24T04:14:27+0000','177872845972148','203676243391808','Kitty Bang Bang',5),('203936816699084','Spam miết','2016-10-24T04:14:31+0000','177872845972148','203676243391808','Kitty Bang Bang',5),('203936830032416','Spam 2','2016-10-24T04:14:33+0000','177872845972148','203676243391808','Kitty Bang Bang',5),('203936840032415','Spam 1000','2016-10-24T04:14:35+0000','177872845972148','203676243391808','Kitty Bang Bang',5),('203936850032414','Spam 1 tỉ','2016-10-24T04:14:38+0000','177872845972148','203676243391808','Kitty Bang Bang',5),('203936893365743','Trump is the new president','2016-10-24T04:14:56+0000','177872845972148','203676243391808','Kitty Bang Bang',5),('203936920032407','Make American White again','2016-10-24T04:15:10+0000','177872845972148','203676243391808','Kitty Bang Bang',5),('203936930032406','YES','2016-10-24T04:15:12+0000','177872845972148','203676243391808','Kitty Bang Bang',5),('203936943365738','Spam 1','2016-10-24T04:15:13+0000','177872845972148','203676243391808','Kitty Bang Bang',5),('203936993365733','Love n peace','2016-10-24T04:15:36+0000','177872845972148','203676243391808','Kitty Bang Bang',5),('203937016699064','Gun n Rose','2016-10-24T04:15:41+0000','177872845972148','203676243391808','Kitty Bang Bang',5),('203937050032394','Pussy n dick','2016-10-24T04:15:47+0000','177872845972148','203676243391808','Kitty Bang Bang',5),('203937073365725','madafaka','2016-10-24T04:15:55+0000','177872845972148','203676243391808','Kitty Bang Bang',5),('203937110032388','hello','2016-10-24T04:15:57+0000','177872845972148','203676243391808','Kitty Bang Bang',5),('203937120032387','from','2016-10-24T04:16:00+0000','177872845972148','203676243391808','Kitty Bang Bang',5),('203937133365719','the','2016-10-24T04:16:01+0000','177872845972148','203676243391808','Kitty Bang Bang',5),('203937140032385','other','2016-10-24T04:16:02+0000','177872845972148','203676243391808','Kitty Bang Bang',5),('203937150032384','side','2016-10-24T04:16:03+0000','177872845972148','203676243391808','Kitty Bang Bang',5),('203937163365716','hasagi','2016-10-24T04:16:08+0000','177872845972148','203676243391808','Kitty Bang Bang',5),('203939270032172','spam reply 1','2016-10-24T04:26:44+0000','177872845972148','203936723365760','Kitty Bang Bang',5),('203939290032170','spam reply 2','2016-10-24T04:26:48+0000','177872845972148','203936723365760','Kitty Bang Bang',5),('203939296698836','spam reply 3','2016-10-24T04:26:49+0000','177872845972148','203936723365760','Kitty Bang Bang',4),('203939303365502','spam reply 4','2016-10-24T04:26:50+0000','177872845972148','203936723365760','Kitty Bang Bang',1),('203939320032167','spam reply tỷ tỷ','2016-10-24T04:26:53+0000','177872845972148','203936723365760','Kitty Bang Bang',5),('203939390032160','YEAHOOO','2016-10-24T04:26:58+0000','177872845972148','203936723365760','Kitty Bang Bang',5),('203939406698825','phắc','2016-10-24T04:27:01+0000','177872845972148','203936723365760','Kitty Bang Bang',5),('203939430032156','dat','2016-10-24T04:27:01+0000','177872845972148','203936723365760','Kitty Bang Bang',5),('203939456698820','shit','2016-10-24T04:27:02+0000','177872845972148','203936723365760','Kitty Bang Bang',5),('203939466698819','im','2016-10-24T04:27:04+0000','177872845972148','203936723365760','Kitty Bang Bang',2),('203939473365485','out','2016-10-24T04:27:05+0000','177872845972148','203936723365760','Kitty Bang Bang',5),('203939493365483','lời nói dối thật thà','2016-10-24T04:27:16+0000','177872845972148','203936723365760','Kitty Bang Bang',1),('203939556698810','ping pong wo','2016-10-24T04:27:26+0000','177872845972148','203936723365760','Kitty Bang Bang',5),('203939570032142','bum','2016-10-24T04:27:30+0000','177872845972148','203936723365760','Kitty Bang Bang',5),('203939576698808','bang','2016-10-24T04:27:32+0000','177872845972148','203936723365760','Kitty Bang Bang',5),('203939590032140','bum','2016-10-24T04:27:33+0000','177872845972148','203936723365760','Kitty Bang Bang',5),('203939596698806','ccx','2016-10-24T04:27:33+0000','177872845972148','203936723365760','Kitty Bang Bang',5),('203939613365471','zxv','2016-10-24T04:27:34+0000','177872845972148','203936723365760','Kitty Bang Bang',5),('203939616698804','d','2016-10-24T04:27:34+0000','177872845972148','203936723365760','Kitty Bang Bang',2),('203939636698802','xịn','2016-10-24T04:27:37+0000','177872845972148','203936723365760','Kitty Bang Bang',5),('203939646698801','reply nát','2016-10-24T04:27:40+0000','177872845972148','203936723365760','Kitty Bang Bang',1),('203939663365466','con bích mèo','2016-10-24T04:27:46+0000','177872845972148','203936723365760','Kitty Bang Bang',5),('203939696698796','yes','2016-10-24T04:27:52+0000','177872845972148','203936723365760','Kitty Bang Bang',5),('203939716698794','ahhh','2016-10-24T04:27:54+0000','177872845972148','203936723365760','Kitty Bang Bang',5),('203939726698793','kimochi','2016-10-24T04:27:55+0000','177872845972148','203936723365760','Kitty Bang Bang',5),('203939736698792','eya','2016-10-24T04:27:57+0000','177872845972148','203936723365760','Kitty Bang Bang',5),('203939743365458','yeaaa','2016-10-24T04:27:59+0000','177872845972148','203936723365760','Kitty Bang Bang',5),('203939750032124','yeaaeaeaeeaaeaee','2016-10-24T04:28:00+0000','177872845972148','203936723365760','Kitty Bang Bang',5),('203939760032123','dasasdas','2016-10-24T04:28:01+0000','177872845972148','203936723365760','Kitty Bang Bang',5),('204044536688312','Wasabi','2016-10-24T07:34:20+0000','177872845972148','204025536690212','Kitty Bang Bang',5),('204872359938863','hihi','2016-10-25T15:17:46+0000','177872845972148','203936723365760','Kitty Bang Bang',5),('204887189937380','this is a reply','2016-10-25T15:45:33+0000','177872845972148','204044536688312','Kitty Bang Bang',4),('204889059937193','Take my hand, through the flame','2016-10-25T15:50:32+0000','177872845972148','204044536688312','Kitty Bang Bang',5),('204889373270495','i torture you','2016-10-25T15:51:27+0000','177872845972148','204025536690212','Kitty Bang Bang',4),('205309169895182','sdfdsfsdfdsfs','2016-10-26T10:15:54+0000','128546637616214','203676220058477','Thien Pham',5);
/*!40000 ALTER TABLE `comment` ENABLE KEYS */;
UNLOCK TABLES;

--
-- Table structure for table `facebookaccount`
--

DROP TABLE IF EXISTS `facebookaccount`;
/*!40101 SET @saved_cs_client     = @@character_set_client */;
/*!40101 SET character_set_client = utf8 */;
CREATE TABLE `facebookaccount` (
  `facebookaccountid` int(11) NOT NULL AUTO_INCREMENT,
  `facebookuserid` varchar(45) DEFAULT NULL,
  `accesstoken` varchar(300) NOT NULL,
  `userid` int(11) NOT NULL,
  `active` bit(1) NOT NULL,
  PRIMARY KEY (`facebookaccountid`),
  KEY `user_idx` (`userid`),
  CONSTRAINT `user` FOREIGN KEY (`userid`) REFERENCES `user` (`userid`) ON DELETE NO ACTION ON UPDATE NO ACTION
) ENGINE=InnoDB AUTO_INCREMENT=7 DEFAULT CHARSET=utf8;
/*!40101 SET character_set_client = @saved_cs_client */;

--
-- Dumping data for table `facebookaccount`
--

LOCK TABLES `facebookaccount` WRITE;
/*!40000 ALTER TABLE `facebookaccount` DISABLE KEYS */;
INSERT INTO `facebookaccount` VALUES (1,NULL,'1',1,''),(3,'716774868474767','EAAE22kam7LsBADNDq5If1BSaZAzdJTJmmRaFXnaBfNd9ZACcp22VJtydJ1UZA7RJwRajEEKc6ziPlNxaG9os6pZCdZCS4w5WfrMzJEq4ET9B32F3J524QqwwrwSlYNZCt8ZB74TMFhNHQaV6SYnFiKmJCaOvPYsPlYZD',1,'\0'),(4,'1215429281854545','EAAE22kam7LsBAHf979i3Q3i4fcQL9Umhjk6tiZBBBH8eUXS6NlrIIvicl9mZCENOQ2bfO2ZBuudgRfjLXt2FzytBVLPZBTAXx2CPNepJTIrwk9HKwcTzZCDhr594F7HQEYkYKcSU532NSB66cqBPqhou9m3ioC4wZD',1,'\0'),(5,'1290693450965157','EAAE22kam7LsBAG7qnp2Bf77rzvOymkzpfj92b3kLpRHfY06IDsvZBAFjnGRM7mdCtzPGdLLJhiXsq78qaDdxsxfWe77ynn7b6VoucbqrwHOHfPJYZBvd2lOvAUj6beUmG0nkbJQkL8abgGra5G0fIlOcynnZBYZD',1,''),(6,'128546637616214','EAAE22kam7LsBAMsmWfXlskCwZB3dX8fnutiGQNtBGrWmSAii3ZBIVmUJIxwJsxy2fBRNZAyLMW6HiX271O99D4kV21f4kmfJ0roko8OupidHCPJwqV9RFeI7XSe6kkR2o7MYjxN7xjRHFTcj1oXXp5OgIRRtZBgZD',1,'');
/*!40000 ALTER TABLE `facebookaccount` ENABLE KEYS */;
UNLOCK TABLES;

--
-- Table structure for table `page`
--

DROP TABLE IF EXISTS `page`;
/*!40101 SET @saved_cs_client     = @@character_set_client */;
/*!40101 SET character_set_client = utf8 */;
CREATE TABLE `page` (
  `pageid` varchar(20) NOT NULL,
  `name` varchar(200) DEFAULT NULL,
  `accesstoken` varchar(300) NOT NULL,
  `type` varchar(45) DEFAULT NULL,
  `active` bit(1) DEFAULT NULL,
  PRIMARY KEY (`pageid`)
) ENGINE=InnoDB DEFAULT CHARSET=utf8;
/*!40101 SET character_set_client = @saved_cs_client */;

--
-- Dumping data for table `page`
--

LOCK TABLES `page` WRITE;
/*!40000 ALTER TABLE `page` DISABLE KEYS */;
INSERT INTO `page` VALUES ('1199851500089978','Tèn tèn ten','EAAE22kam7LsBABiYeMWcdGXeNP0y2quu6ejjFQiXq3BbsZCQA7KKVzz4Yz2oRPBSFm4o8Q4eAswZBGCpP8kcfmAjEXp1GWrbriLHmL1erbPmGQP2WYCI5z2Ja18hvxGjgSInayi6CIcmwenRZAqzTLIGjADBRkZD',NULL,''),('177872845972148','Kitty Bang Bang','EAAE22kam7LsBAKBqVurAz7iW4GD39JRyJkN2wlGapUGPyLMbCOukuy18drJjaU8BEPWv1Ks0ZCOoC9t7Mb0rZCJOE99g0EejlZCimC3zxUME1bpZCjnlKXkLPTKlsnkWZBQ7VprZB3GKzZAIxoHG38gCzlcIupJTCkZD','Page',''),('312859602115217','SamSung',' ','Page','');
/*!40000 ALTER TABLE `page` ENABLE KEYS */;
UNLOCK TABLES;

--
-- Table structure for table `post`
--

DROP TABLE IF EXISTS `post`;
/*!40101 SET @saved_cs_client     = @@character_set_client */;
/*!40101 SET character_set_client = utf8 */;
CREATE TABLE `post` (
  `id` varchar(255) NOT NULL,
  `content` mediumtext,
  `created_at` varchar(255) DEFAULT NULL,
  `comments_count` int(11) NOT NULL,
  `likes_count` int(11) NOT NULL,
  `shares_count` int(11) NOT NULL,
  `created_by` varchar(255) DEFAULT NULL,
  `attachment` varchar(255) DEFAULT NULL,
  PRIMARY KEY (`id`)
) ENGINE=InnoDB DEFAULT CHARSET=utf8mb4;
/*!40101 SET character_set_client = @saved_cs_client */;

--
-- Dumping data for table `post`
--

LOCK TABLES `post` WRITE;
/*!40000 ALTER TABLE `post` DISABLE KEYS */;
INSERT INTO `post` VALUES ('1199852166756578','Post này từ Tèn tèn ten !!','2016-10-24T05:38:37+0000',0,0,0,'1199851500089978',NULL),('1202168903191571','Tèn tèn ten updated their profile picture.','2016-10-26T11:01:45+0000',0,0,0,'1199851500089978',NULL),('1202169039858224','Đây là page thứ 2 manage','2016-10-26T11:02:01+0000',1,0,0,'1199851500089978',NULL),('1202169189858209','Vẫn chưa sửa được cái quần què emoji','2016-10-26T11:02:15+0000',0,0,0,'1199851500089978',NULL),('194032564356176','We should test UTF-8 encoding on the SCC system.','2016-10-06T14:11:54+0000',2,1,0,'177872845972148',NULL),('194035701022529','Thử nghiệm UTF-8 nè','2016-10-06T14:19:18+0000',4,2,0,'177872845972148',NULL),('194037381022361','UTF-8 Encoding is hard set on MySQL schema and database. Bao giờ sửa được code thì sửa !','2016-10-06T14:21:58+0000',4,1,0,'177872845972148',NULL),('194368180989281','Xin chào mọi người. Mình là Kitty.','2016-10-07T06:09:55+0000',1,0,0,'177872845972148',NULL),('194370770989022','Sơn Tùng MTP !! SKY ơiiii','2016-10-07T06:17:55+0000',3,2,0,'177872845972148',NULL),('194371367655629','CPuth copy của Sơn Tùng.','2016-10-07T06:20:28+0000',1,1,0,'177872845972148',NULL),('194395097653256','Post mới','2016-10-07T07:29:19+0000',5,1,0,'177872845972148',NULL),('196297104129722','Banga Banga Bum','2016-10-10T19:27:07+0000',0,1,0,'177872845972148',NULL),('196299257462840','Attachment test','2016-10-10T19:37:23+0000',1,3,0,'177872845972148',NULL),('196356867457079','WEllo','2016-10-10T22:38:46+0000',5,1,0,'177872845972148',NULL),('196487864110646','Các bạn nghĩ gì về siêu phẩm Galaxy S7 của Samsung ?','2016-10-11T05:56:13+0000',6,1,0,'177872845972148',NULL),('201939260232173','Webhook testing','2016-10-20T17:28:49+0000',4,0,0,'177872845972148',NULL),('201955546897211','Con đũy mèo cắn nát thùng xốp','2016-10-20T18:11:31+0000',45,1,0,'177872845972148',NULL),('202127890213310','webhook','2016-10-21T02:02:03+0000',0,0,0,'177872845972148',NULL),('202182633541169','webhook demo, one again..','2016-10-21T03:56:34+0000',4,0,0,'177872845972148',NULL),('202185363540896','posts','2016-10-21T04:04:33+0000',0,1,0,'177872845972148',NULL),('202188310207268','New focking post.','2016-10-21T04:18:06+0000',11,1,0,'177872845972148',NULL),('202224126870353','Kitty Bang Bang added a new photo.','2016-10-21T05:21:59+0000',0,0,0,'177872845972148',NULL),('202224256870340','Test hình cùng nội dung','2016-10-21T05:22:49+0000',0,0,0,'177872845972148',NULL),('202224903536942','Kitty Bang Bang added 3 new photos.','2016-10-21T05:26:09+0000',1,0,0,'177872845972148',NULL),('202253416867424','Xin chào, đây là demo cho WebHook Facebook.','2016-10-21T06:58:53+0000',4,1,0,'177872845972148',NULL),('202260706866695','Demo webhook','2016-10-21T07:24:49+0000',3,1,0,'177872845972148',NULL),('203675996725166','Page 1','2016-10-23T16:10:09+0000',0,0,0,'177872845972148',NULL),('203676023391830','Page 2','2016-10-23T16:10:14+0000',0,0,0,'177872845972148',NULL),('203676066725159','Page test','2016-10-23T16:10:20+0000',0,0,0,'177872845972148',NULL),('203676100058489','Nhiều post vào để test Paging','2016-10-23T16:10:33+0000',0,0,0,'177872845972148',NULL),('203676153391817','Nhiều nhiều','2016-10-23T16:10:50+0000',0,0,0,'177872845972148',NULL),('203676193391813','Page 4','2016-10-23T16:10:55+0000',0,0,0,'177872845972148',NULL),('203676220058477','Page số 5','2016-10-23T16:11:01+0000',1,0,0,'177872845972148',NULL),('203676243391808','Thiếu page số 3 r','2016-10-23T16:11:07+0000',28,0,0,'177872845972148',NULL),('204025536690212','Emoji test','2016-10-24T06:47:50+0000',2,0,0,'177872845972148',NULL);
/*!40000 ALTER TABLE `post` ENABLE KEYS */;
UNLOCK TABLES;

--
-- Table structure for table `profile`
--

DROP TABLE IF EXISTS `profile`;
/*!40101 SET @saved_cs_client     = @@character_set_client */;
/*!40101 SET character_set_client = utf8 */;
CREATE TABLE `profile` (
  `profileid` int(11) NOT NULL AUTO_INCREMENT,
  `firstname` varchar(50) DEFAULT NULL,
  `lastname` varchar(50) DEFAULT NULL,
  `address` varchar(50) DEFAULT NULL,
  `gender` varchar(45) DEFAULT NULL,
  `phone` varchar(11) DEFAULT NULL,
  `email` varchar(45) NOT NULL,
  `image` varchar(45) DEFAULT NULL,
  PRIMARY KEY (`profileid`)
) ENGINE=InnoDB AUTO_INCREMENT=3 DEFAULT CHARSET=utf8;
/*!40101 SET character_set_client = @saved_cs_client */;

--
-- Dumping data for table `profile`
--

LOCK TABLES `profile` WRITE;
/*!40000 ALTER TABLE `profile` DISABLE KEYS */;
INSERT INTO `profile` VALUES (1,'admin','admin','123','male','34','sgf',NULL),(2,'nguyen','nguyen','1fkj','male','14344','245',NULL);
/*!40000 ALTER TABLE `profile` ENABLE KEYS */;
UNLOCK TABLES;

--
-- Table structure for table `ticket`
--

DROP TABLE IF EXISTS `ticket`;
/*!40101 SET @saved_cs_client     = @@character_set_client */;
/*!40101 SET character_set_client = utf8 */;
CREATE TABLE `ticket` (
  `id` int(11) NOT NULL AUTO_INCREMENT,
  `commentid` int(11) NOT NULL,
  `createdby` int(11) NOT NULL,
  `createdtime` datetime NOT NULL,
  `statusid` int(11) NOT NULL,
  `active` bit(1) NOT NULL,
  `assignee` int(11) DEFAULT NULL,
  PRIMARY KEY (`id`),
  UNIQUE KEY `ticketId_UNIQUE` (`active`,`id`),
  KEY `creator_idx` (`createdby`),
  KEY `assignee_idx` (`assignee`),
  CONSTRAINT `assignee` FOREIGN KEY (`assignee`) REFERENCES `user` (`userid`) ON DELETE NO ACTION ON UPDATE NO ACTION,
  CONSTRAINT `createby` FOREIGN KEY (`createdby`) REFERENCES `user` (`userid`) ON DELETE NO ACTION ON UPDATE NO ACTION
) ENGINE=InnoDB AUTO_INCREMENT=17 DEFAULT CHARSET=utf8 COMMENT='this table defines Ticket object';
/*!40101 SET character_set_client = @saved_cs_client */;

--
-- Dumping data for table `ticket`
--

LOCK TABLES `ticket` WRITE;
/*!40000 ALTER TABLE `ticket` DISABLE KEYS */;
INSERT INTO `ticket` VALUES (1,1,1,'2016-10-07 00:00:12',6,'',2),(2,2,1,'2016-10-07 00:00:12',6,'',1),(3,3,1,'2016-10-07 00:00:12',1,'',1),(9,3,1,'2016-10-07 00:00:12',3,'',1),(10,3,1,'2016-10-07 00:00:12',4,'',1),(11,3,1,'2016-10-07 00:00:12',5,'',1),(12,3,1,'2016-10-07 00:00:12',2,'',1),(13,3,1,'2016-10-07 00:00:12',2,'',1),(14,3,1,'2016-10-07 00:00:12',2,'',1),(15,3,1,'2016-10-07 00:00:12',2,'',1),(16,3,1,'2016-10-07 00:00:12',2,'',1);
/*!40000 ALTER TABLE `ticket` ENABLE KEYS */;
UNLOCK TABLES;

--
-- Table structure for table `ticketconversation`
--

DROP TABLE IF EXISTS `ticketconversation`;
/*!40101 SET @saved_cs_client     = @@character_set_client */;
/*!40101 SET character_set_client = utf8 */;
CREATE TABLE `ticketconversation` (
  `commentid` int(11) NOT NULL,
  `ticketid` int(11) NOT NULL,
  `userid` int(11) NOT NULL,
  `createdat` datetime NOT NULL,
  PRIMARY KEY (`commentid`,`ticketid`,`userid`),
  KEY `ticketid_idx` (`ticketid`),
  KEY `userid_idx` (`userid`),
  CONSTRAINT `TicketID` FOREIGN KEY (`ticketid`) REFERENCES `ticket` (`id`) ON DELETE NO ACTION ON UPDATE NO ACTION,
  CONSTRAINT `crtby` FOREIGN KEY (`userid`) REFERENCES `user` (`userid`) ON DELETE NO ACTION ON UPDATE NO ACTION
) ENGINE=InnoDB DEFAULT CHARSET=utf8;
/*!40101 SET character_set_client = @saved_cs_client */;

--
-- Dumping data for table `ticketconversation`
--

LOCK TABLES `ticketconversation` WRITE;
/*!40000 ALTER TABLE `ticketconversation` DISABLE KEYS */;
INSERT INTO `ticketconversation` VALUES (1,1,1,'0001-01-06 00:00:00'),(2,1,1,'0001-02-06 00:00:00'),(3,1,1,'0001-03-06 00:00:00');
/*!40000 ALTER TABLE `ticketconversation` ENABLE KEYS */;
UNLOCK TABLES;

--
-- Table structure for table `ticketstatuschange`
--

DROP TABLE IF EXISTS `ticketstatuschange`;
/*!40101 SET @saved_cs_client     = @@character_set_client */;
/*!40101 SET character_set_client = utf8 */;
CREATE TABLE `ticketstatuschange` (
  `ticketid` int(11) NOT NULL,
  `userid` int(11) NOT NULL,
  `statusid` int(11) NOT NULL,
  `createdat` datetime NOT NULL,
  PRIMARY KEY (`ticketid`,`userid`,`createdat`),
  KEY `userid_idx` (`userid`),
  CONSTRAINT `tid` FOREIGN KEY (`ticketid`) REFERENCES `ticket` (`id`) ON DELETE NO ACTION ON UPDATE NO ACTION,
  CONSTRAINT `uid` FOREIGN KEY (`userid`) REFERENCES `user` (`userid`) ON DELETE NO ACTION ON UPDATE NO ACTION
) ENGINE=InnoDB DEFAULT CHARSET=utf8;
/*!40101 SET character_set_client = @saved_cs_client */;

--
-- Dumping data for table `ticketstatuschange`
--

LOCK TABLES `ticketstatuschange` WRITE;
/*!40000 ALTER TABLE `ticketstatuschange` DISABLE KEYS */;
INSERT INTO `ticketstatuschange` VALUES (1,1,4,'2016-10-02 16:56:39'),(1,1,3,'2016-10-03 10:06:34'),(1,1,5,'2016-10-03 10:06:38'),(1,1,4,'2016-10-03 16:26:57'),(1,1,1,'2016-10-03 21:06:44'),(1,1,1,'2016-10-05 10:36:51'),(1,1,4,'2023-01-06 00:00:00'),(1,2,1,'2016-10-02 15:48:42'),(1,2,1,'2016-10-03 16:31:50'),(1,2,1,'2016-10-03 21:06:48'),(1,2,1,'2016-10-05 10:37:35'),(1,2,6,'2016-10-05 10:37:43'),(1,2,1,'2016-10-05 14:56:38'),(2,1,1,'2016-10-03 16:31:59'),(2,2,4,'2016-10-02 16:56:48'),(2,2,5,'2016-10-03 16:26:52'),(2,2,6,'2016-10-03 16:27:02'),(3,1,1,'2016-10-05 10:37:10');
/*!40000 ALTER TABLE `ticketstatuschange` ENABLE KEYS */;
UNLOCK TABLES;

--
-- Table structure for table `user`
--

DROP TABLE IF EXISTS `user`;
/*!40101 SET @saved_cs_client     = @@character_set_client */;
/*!40101 SET character_set_client = utf8 */;
CREATE TABLE `user` (
  `userid` int(11) NOT NULL AUTO_INCREMENT,
  `username` varchar(50) NOT NULL,
  `password` varchar(50) NOT NULL,
  `roleid` int(11) NOT NULL,
  `profileid` int(11) DEFAULT NULL,
  `createdby` int(11) DEFAULT NULL,
  `active` bit(1) NOT NULL,
  `brandid` int(11) DEFAULT NULL,
  PRIMARY KEY (`userid`),
  UNIQUE KEY `username_UNIQUE` (`username`),
  KEY `userprofile_idx` (`profileid`),
  KEY `createby_idx` (`createdby`),
  CONSTRAINT `profileid` FOREIGN KEY (`profileid`) REFERENCES `profile` (`profileid`) ON DELETE NO ACTION ON UPDATE NO ACTION
) ENGINE=InnoDB AUTO_INCREMENT=5 DEFAULT CHARSET=utf8;
/*!40101 SET character_set_client = @saved_cs_client */;

--
-- Dumping data for table `user`
--

LOCK TABLES `user` WRITE;
/*!40000 ALTER TABLE `user` DISABLE KEYS */;
INSERT INTO `user` VALUES (1,'admin','admin',3,1,NULL,'',NULL),(2,'nguyen','nguyen',1,2,1,'',NULL),(3,'supervisor','123',2,1,NULL,'\0',NULL),(4,'quydv','bikini123',1,NULL,1,'\0',1);
/*!40000 ALTER TABLE `user` ENABLE KEYS */;
UNLOCK TABLES;
/*!40103 SET TIME_ZONE=@OLD_TIME_ZONE */;

/*!40101 SET SQL_MODE=@OLD_SQL_MODE */;
/*!40014 SET FOREIGN_KEY_CHECKS=@OLD_FOREIGN_KEY_CHECKS */;
/*!40014 SET UNIQUE_CHECKS=@OLD_UNIQUE_CHECKS */;
/*!40101 SET CHARACTER_SET_CLIENT=@OLD_CHARACTER_SET_CLIENT */;
/*!40101 SET CHARACTER_SET_RESULTS=@OLD_CHARACTER_SET_RESULTS */;
/*!40101 SET COLLATION_CONNECTION=@OLD_COLLATION_CONNECTION */;
/*!40111 SET SQL_NOTES=@OLD_SQL_NOTES */;

-- Dump completed on 2016-10-26 23:11:31
